[
  {
    "Codigo": 1,
    "Nome": "Lucas",
    "Descricao": "Amo papai noel",
    "Ativo": true,
    "Valor": 0.0,
    "DataCadastro": "2023-09-05T21:32:50.539Z",
    "Imagem": "string",
    
  },
  {
    "Codigo": 2,
    "Nome": "Joao",
    "Descricao": "Quero um presente",
    "Ativo": true,
    "Valor": 10.0,
    "DataCadastro": "2023-09-27T16:44:17.517Z",
    "Imagem": "string",
    
  },
  {
    "Codigo": 3,
    "Nome": "Ana",
    "Descricao": "Quero um presente bem grande",
    "Ativo": true,
    "Valor": 30.0,
    "DataCadastro": "2023-09-27T16:46:23.094Z",
    "Imagem": "string",
   
  }
]